site_code,Taxon,NewTaxon,Notes,Reason,NewFamily,Omit,Apply
ahth.is,FESTUCA RICHARDSONII,FESTUCA SP.,,Aggregate at genus level,,No,Yes
ahth.is,FESTUCA VIVIPARA,FESTUCA SP.,,Aggregate at genus level,,No,Yes
amlr.is,AGROSTIS CAPILLARIS,AGROSTIS SP.,,Aggregate at genus level,,No,Yes
amlr.is,AGROSTIS VINEALIS,AGROSTIS SP.,,Aggregate at genus level,,No,Yes
amlr.is,FESTUCA RICHARDSONII,FESTUCA SP.,,Aggregate at genus level,,No,Yes
amlr.is,FESTUCA VIVIPARA,FESTUCA SP.,,Aggregate at genus level,,No,Yes
amlr.is,FESTUCA RUBRA,FESTUCA SP.,,Aggregate at genus level,,No,Yes
amlr.is,RUMEX ACETOSA,RUMEX SP.,,Aggregate at genus level,,No,Yes
amlr.is,RUMEX ACETOSELLA,RUMEX SP.,,Aggregate at genus level,,No,Yes
arch.us,COMMELINA SP.,COMMELINA ERECTA,,No congeners recorded,,No,Yes
arch.us,CARPHEPHORUS CARPHEPHORUS,CARPHEPHORUS SP.,,No congeners recorded,,No,Yes
arch.us,SOLIDAGO SP.,SOLIDAGO FISTULOSA,,No congeners recorded,,No,Yes
arch.us,CYPERUS SP.,CYPERUS RETRORSUS,,No congeners recorded,,No,Yes
arch.us,RHYNCHOSPORA SP.,RHYNCHOSPORA FILIFOLIA,"plots 28, 29",Inconsistent identification across years,,No,Yes
arch.us,SCLERIA CILIATA,SCLERIA SP.,,Aggregate at genus level,,No,Yes
arch.us,SCLERIA PAUCIFLORA,SCLERIA SP.,,Aggregate at genus level,,No,Yes
arch.us,SCLERIA RETICULARIS,SCLERIA SP.,,Aggregate at genus level,,No,Yes
arch.us,LUDWIGIA ALATA,LUDWIGIA SP.,,Inconsistent identification across years,,No,Yes
arch.us,LUDWIGIA CURTISSII,LUDWIGIA SP.,,Inconsistent identification across years,,No,Yes
arch.us,LUDWIGIA MARITIMA,LUDWIGIA SP.,,Inconsistent identification across years,,No,Yes
arch.us,UNKNOWN CYPERACEAE SP.,ELEOCHARIS BALDWINII,,assign to dominant taxon in Family,,No,Yes
arch.us,ANDROPOGON SP.,ANDROPOGON VIRGINICUS,,Aggregate at species level,,No,Yes
arch.us,ANDROPOGON VIRGINICUS var. GLAUCUS,ANDROPOGON VIRGINICUS,,Aggregate at species level,,No,Yes
arch.us,ANDROPOGON VIRGINICUS var. VIRGINICUS,ANDROPOGON VIRGINICUS,,Aggregate at species level,,No,Yes
arch.us,PANICUM AGROSTOIDES,PANICUM SP.,,Aggregate at genus level,,No,Yes
arch.us,PANICUM HEMITOMON,PANICUM SP.,,Aggregate at genus level,,No,Yes
arch.us,PANICUM LATIFOLIUM,PANICUM SP.,,Aggregate at genus level,,No,Yes
arch.us,PANICUM PORTORICENSE,PANICUM SP.,,Aggregate at genus level,,No,Yes
arch.us,UNKNOWN GRASS SP.,SCHIZACHYRIUM RHIZOMATUM,,assign to dominant taxon in Family,,No,Yes
arch.us,SMILAX BONA-NOX,SMILAX SP.,"same plot, same year",no changes,,Yes,No
azi.cn,TIBETIA,GUELDENSTAEDTIA VERNA,are these the same?,no changes,,Yes,No
azi.cn,ARTEMISIA MONGOLICA,ARTEMISIA SIEVERSIANA,,Inconsistent identification across years,,No,Yes
azi.cn,SAUSSUREA NEOFRANCHETII,SAUSSUREA SP.,,Aggregate at genus level,,No,Yes
azi.cn,SAUSSUREA NIGRESCENS,SAUSSUREA SP.,,Aggregate at genus level,,No,Yes
azi.cn,SAUSSUREA PACHYNEURA,SAUSSUREA SP.,,Aggregate at genus level,,No,Yes
azi.cn,SAUSSUREA STELLA,SAUSSUREA SP.,,Aggregate at genus level,,No,Yes
azi.cn,POA ATTENUATA var. KENG,POA ATTENUATA,,Aggregate at species level,,No,Yes
azi.cn,VIOLA STRIATELLA,VIOLA SP.,,Inconsistent identification across years,,No,Yes
azitwo.cn,SAUSSUREA HIERACIOIDES,SAUSSUREA BRUNNEOPILOSA,S. brunneopilosa not present in 2020,no changes,,Yes,No
azitwo.cn,OXYTROPIS OCHROCEPHALA,OXYTROPIS KANSUENSIS,,Inconsistent identification across years,,No,Yes
azitwo.cn,LOMATOGONIUM CARINTHIACUM,LOMATOGONIUM ROTATUM,,Inconsistent identification across years,,No,Yes
azitwo.cn,ELSHOLTZIA DENSA,ELSHOLTZIA CILIATA,,Inconsistent identification across years,,No,Yes
azitwo.cn,SCUTELLARIA REHDERIANA,SCUTELLARIA BAICALENSIS,,Inconsistent identification across years,,No,Yes
azitwo.cn,GALIUM APARINE,GALIUM SPURIUM,G. aparine only in 2020,Inconsistent identification across years,,No,Yes
azitwo.cn,GALIUM VERUM,GALIUM SPURIUM,"G. verum only in 2018, 2019",Inconsistent identification across years,,No,Yes
badlau.de,VICIA SATIVA SSP. NIGRA,VICIA SATIVA,,Aggregate at species level,,No,Yes
barta.us,,,no changes,no changes,,Yes,No
bayr.de,,,"Luzula campestris = 235% (plot 7, 2019)?",no changes,,Yes,No
bayr.de,PLEUROSPERMUM SP. (bayr.de),PLEUROSPERMUM SP.,,global taxon name,,No,Yes
bayr.de,QUERCUS ROBUR,QUERCUS SP.,only one species recorded in family to date,Inconsistent identification across years,,No,Yes
bayr.de,AMELANCHIER SP. (bayr.de),AMELANCHIER SP.,,global taxon name,,No,Yes
bayr.de,CRATAEGUS MONOGYNA,CRATAEGUS SP.,,Inconsistent identification across years,,No,Yes
bayr.de,PRUNUS SP.,PRUNUS SPINOSA,"same plot, same year",no changes,,Yes,No
bldr.us,PODOSPERMUM LACINIATUM,SCORZONERA LACINIATA,,Synonyms,,No,Yes
bldr.us,PODOSPERMUM SCORZONEROIDES,SCORZONERA LACINIATA,,Synonyms,,No,Yes
bldr.us,PODOSPERMUM SP.,SCORZONERA LACINIATA,,No congeners recorded,,No,Yes
bldr.us,MEDICAGO SP.,MEDICAGO LUPULINA,,No congeners recorded,,No,Yes
bldr.us,TRIFOLIUM SP.,TRIFOLIUM PRATENSE,"same plot, same year",no changes,,Yes,No
bldr.us,UNKNOWN GRASS,SPOROBOLUS AIROIDES,,assign to dominant taxon in Family,,No,Yes
bnbt.us,SYMPHYOTRICHUM PILOSUM,SYMPHYOTRICHUM ERICOIDES,confirmed with Brent Mortensen,Inconsistent identification across years,,No,Yes
bnbt.us,CORNUS SP. (bnbt.us),CORNUS SP.,,global taxon name,,No,Yes
bnbt.us,CAREX SP. (bnbt.us),CAREX SP.,,global taxon name,,No,Yes
bnbt.us,ACALYPHA SP. (bnbt.us),ACALYPHA SP.,,global taxon name,,No,Yes
bnbt.us,PERSICARIA MACULOSA,PERSICARIA LAPATHIFOLIA,confirmed with Brent Mortensen,Inconsistent identification across years,,No,Yes
bnbt.us,TYPHA ANGUSTIFOLIA,TYPHA GLAUCA,one taxon present per year; confirmed with Brent Mortensen,Inconsistent identification across years,,No,Yes
bnbt.us,ULMUS SP.,ULMUS PUMILA,one taxon present per year; confirmed with Brent Mortensen,No congeners recorded,,No,Yes
bnbt.us,URTICA DIOECIA,URTICA DIOICA,confirmed with Brent Mortensen,Spelling,,No,Yes
bnch.us,,,No Agrostis in year_trt == 3?,no changes,,Yes,No
bnch.us,,,No Danthonia in year_trt == 3?,no changes,,Yes,No
bnch.us,ARENARIA SP. (bnch.us),ARENARIA SP.,,global taxon name,,No,Yes
bnch.us,UNKNOWN CARYOPHYLLACEAE SP.,MOEHRINGIA LATERIFLORA,,assign to dominant taxon in Family,,No,Yes
bnch.us,ASTER SP.,EUCEPHALUS LEDOPHYLLUS,"same plot, different years",Inconsistent identification across years,,No,Yes
bnch.us,SYMPHYOTRICHUM SPATHULATUM,EUCEPHALUS LEDOPHYLLUS,"same plot, different years",Inconsistent identification across years,,No,Yes
bnch.us,CAREX HOODII,CAREX PENSYLVANICA,name switches from 2015 to 2016,Inconsistent identification across years,,No,Yes
bnch.us,VICIA SATIVA,VICIA AMERICANA,,Inconsistent identification across years,,No,Yes
bnch.us,ELYMUS GLAUCUS,ELYMUS REPENS,"some switches among years, but also some co-occurrences",no changes,,Yes,No
bnch.us,UNKNOWN GRASS,FESTUCA IDAHOENSIS,,assign to dominant taxon in Family,,No,Yes
bnch.us,UNKNOWN POLEMONIACEAE SP.,MICROSTERIS GRACILIS,all in 2017; NewTaxon not identified that year,Inconsistent identification across years,,No,Yes
bnch.us,POLYGONUM SP. (bnch.us),POLYGONUM DOUGLASII,only one species recorded in family to date,Inconsistent identification across years,,No,Yes
bogong.au,ERIGERON BELLIDIOIDES,ERIGERON SP.,Erigeron spp. not differentiated before 2014,Inconsistent identification across years,,No,Yes
bogong.au,ERIGERON NITIDUS,ERIGERON SP.,Erigeron spp. not differentiated before 2014,Inconsistent identification across years,,No,Yes
bogong.au,LEUCOPOGON MONTANUS,ACROTHAMNUS MONTANUS,name change,Synonyms,,No,Yes
bogong.au,PHEBALIUM SQUAMULOSUM SSP. OZOTHAMNOIDES,PHEBALIUM SQUAMULOSUM,,Aggregate at species level,,No,Yes
bogong.au,MELICYTUS DENTATUS,HYMENANTHERA DENTATA,,Synonyms,,No,Yes
burrawan.au,,,no changes,no changes,,Yes,No
burren.ie,DACTYLORHIZA FUCHSII,DACTYLORHIZA SP.,,Inconsistent identification across years,,No,Yes
burren.ie,DACTYLORHIZA MACULATA,DACTYLORHIZA SP.,,Inconsistent identification across years,,No,Yes
burren.ie,UNKNOWN ORCHIDACEAE SP.,DACTYLORHIZA SP.,,assign to dominant taxon in Family,,No,Yes
burren.ie,ROSA XANTHINA,ROSA SPINOSISSIMA,,Inconsistent identification across years,,No,Yes
burren.ie,PEDICULARIS PALUSTRIS,PEDICULARIS SYLVATICA,"plot 28; same plot, different years",Inconsistent identification across years,,No,Yes
cbgb.us,CIRSIUM ARVENSE,CIRSIUM SP.,not distinguished in yrs 0-3,Inconsistent identification across years,,No,Yes
cbgb.us,CIRSIUM VULGARE,CIRSIUM SP.,not distinguished in yrs 0-3,Inconsistent identification across years,,No,Yes
cbgb.us,HELIANTHUS SP.,HELIANTHUS GROSSESERRATUS,plot 52; H. grosseserratus in plot in other years,Inconsistent identification across years,,No,Yes
cbgb.us,SOLIDAGO SP.,SOLIDAGO CANADENSIS,plot 4; S. canadensis in plot in other years,Inconsistent identification across years,,No,Yes
cbgb.us,SYMPHYOTRICHUM SP.,SYMPHYOTRICHUM PILOSUM,"plots 13, 20",No congeners recorded,,No,Yes
cbgb.us,MELILOTUS OFFICINALIS,MELILOTUS SP.,,No congeners recorded,,No,Yes
cbgb.us,GALIUM SP.,GALIUM CONCINNUM,,No congeners recorded,,No,Yes
cbgb.us,SOLANUM SP.,SOLANUM CAROLINENSE,,No congeners recorded,,No,Yes
cbgb.us,UNKNOWN GRASS,SCHIZACHYRIUM SCOPARIUM,,assign to dominant taxon in Family,,No,Yes
cbgb.us,UNKNOWN POACEAE SP. (cbgb.us),SCHIZACHYRIUM SCOPARIUM,,assign to dominant taxon in Family,,No,Yes
cdcr.us,,,no Elymus repens in 2009?,no changes,,Yes,No
cdcr.us,CHENOPODIUM SP.,CHENOPODIUM ALBUM,,No congeners recorded,,No,Yes
cdcr.us,ASCLEPIAS SP.,ASCLEPIAS SYRIACA,A. syriaca present before and after,Inconsistent identification across years,,No,Yes
cdcr.us,SILENE LATIFOLIA,LYCHNIS LATIFOLIA SSP. ALBA,,Synonyms,,No,Yes
cdcr.us,ASTER SP.,SYMPHYOTRICHUM BOREALE,,Synonyms,,No,Yes
cdcr.us,ERIGERON CANADENSIS,CONYZA CANADENSIS,,Synonyms,,No,Yes
cdcr.us,ERIGERON SP.,ERIGERON STRIGOSUS,,No congeners recorded,,No,Yes
cdcr.us,RUDBECKIA SP.,RUDBECKIA HIRTA,,No congeners recorded,,No,Yes
cdcr.us,RUDBECKIA HIRTA var. PULCHERRIMA,RUDBECKIA HIRTA,,Aggregate at species level,,No,Yes
cdcr.us,ECHINACEA SEROTINA,RUDBECKIA HIRTA,Adam Clark: not present in 30 years of 2000 plots in old field,Common misidentification,,No,Yes
cdcr.us,SOLIDAGO SP.,SOLIDAGO MISSOURIENSIS,S. missouriensis common but never co-listed,Common misidentification,,No,Yes
cdcr.us,UNKNOWN CUPRESSACEAE SP.,,no other taxa from Family recorded,no changes,,Yes,No
cdcr.us,CAREX SCOPARIA,CAREX SP.,usually characterized as genus,No congeners recorded,,No,Yes
cdcr.us,CYPERUS FILICULMIS,CYPERUS SP.,generally one species present per year; usually characterized as genus,Common misidentification,,No,Yes
cdcr.us,CYPERUS GRAYI,CYPERUS SP.,generally one species present per year; usually characterized as genus,Common misidentification,,No,Yes
cdcr.us,CYPERUS LUPULINUS,CYPERUS SP.,generally one species present per year; usually characterized as genus,Common misidentification,,No,Yes
cdcr.us,CYPERUS SCHWEINITZII,CYPERUS SP.,generally one species present per year; usually characterized as genus,Common misidentification,,No,Yes
cdcr.us,UNKNOWN FABACEAE,TRIFOLIUM REPENS,single record in 2014; co-occurs with Lespedeza capitata; T. repens not recorded in that year,Common misidentification,,No,Yes
cdcr.us,UNKNOWN LAMIACEAE ,HEDEOMA HISPIDA,2 records in 2013; no other genera from family recorded,No congeners recorded,,No,Yes
cdcr.us,PINUS SP.,PINUS STROBUS,,No congeners recorded,,No,Yes
cdcr.us,PANICUM SP.,PANICUM ACUMINATUM,1 record in 2013; P. acuminatum most common congener that it doesn't co-occur with,Common misidentification,,No,Yes
cdcr.us,UNKNOWN GRASS SP.,SETARIA SP.,Adam Clark: most likely Setaria or Digitaria,Common misidentification,,No,Yes
cdcr.us,POPULUS DELTOIDES,POPULUS TREMULOIDES,,Common misidentification,,No,Yes
cdpt.us,,,no changes,no changes,,Yes,No
cedr.us,CAREX SP. (cedr.us),CAREX SCOPARIA,,Inconsistent identification across years,,No,Yes
cedr.us,CYPERUS SP. (cedr.us),CYPERUS FILICULMIS,"same plot, different years",Inconsistent identification across years,,No,Yes
cedr.us,VICIA SP. (cedr.us),VICIA SP.,same plot as Vicia villosa so assumed different taxon,global taxon name,,No,Yes
cedr.us,PRUNUS SP. (cedr.us),PRUNUS SP.,,global taxon name,,No,Yes
cedr.us,VITIS SP. (cedr.us),VITIS SP.,,global taxon name,,No,Yes
cereep.fr,,,why so much Hypochaeris in year 0?,no changes,,Yes,No
cereep.fr,,,why minimum value of 2.5 in year 0?,no changes,,Yes,No
cereep.fr,SILENE LATIFOLIA SSP. ALBA,SILENE LATIFOLIA,,Aggregate at species level,,No,Yes
cereep.fr,CREPIS SP.,CREPIS CAPILLARIS,same plot-year,no changes,,Yes,No
cereep.fr,TARAXACUM SP.,TARAXACUM CAMPYLODES,,No congeners recorded,,No,Yes
cereep.fr,TRIFOLIUM SP.,TRIFOLIUM CAMPESTRE,usually T. campestre recorded in other yrs but not at same time as T. sp,Inconsistent identification across years,,No,Yes
cereep.fr,VICIA CRACCA,VICIA SP.,not V. hirsuta or V. sativa,Inconsistent identification across years,,No,Yes
cereep.fr,VICIA TETRASPERMA,VICIA SP.,not V. hirsuta or V. sativa,Inconsistent identification across years,,No,Yes
cereep.fr,ERODIUM SP.,ERODIUM CICUTARIUM,,No congeners recorded,,No,Yes
cereep.fr,GERANIUM SP.,GERANIUM DISSECTUM,,assign to dominant taxon in Family,,No,Yes
cereep.fr,HYPERICUM MACULATUM SSP. OBTUSIUSCULUM,HYPERICUM PERFORATUM,"same plot, same year",no changes,,Yes,No
cereep.fr,HYPERICUM SP.,HYPERICUM PERFORATUM,,assign to dominant taxon in genus,,No,Yes
cereep.fr,AGROSTIS SP.,AGROSTIS CAPILLARIS,,assign to dominant taxon in genus,,No,Yes
cereep.fr,ARRHENATHERUM elatius SSP. bulbosum,ARRHENATHERUM ELATIUS,,Aggregate at species level,,No,Yes
cereep.fr,POA pratensis SSP. latifolia,POA PRATENSIS,,Aggregate at species level,,No,Yes
cereep.fr,POA SP.,POA PRATENSIS,,assign to dominant taxon in genus,,No,Yes
cereep.fr,PRUNUS SP.,PRUNUS SPINOSA,"same plot, same year",no changes,,Yes,No
chilcas.ar,CAREX SP.,CAREX BONARIENSIS,not present in same plot-year,Inconsistent identification across years,,No,Yes
chilcas.ar,CYPERUS SP.,CYPERUS ERAGROSTIS,plot 27,assign to dominant taxon in genus,,No,Yes
comp.pt,,,plot 14 only monitored in 2012?,no changes,,Yes,No
comp.pt,CREPIS CAPILLARIS,CREPIS SP.,species not distinguished in 2014,Aggregate at genus level,,No,Yes
comp.pt,CREPIS VESICARIA,CREPIS SP.,,Aggregate at genus level,,No,Yes
comp.pt,HYPOCHAERIS,HYPOCHAERIS GLABRA,,No congeners recorded,,No,Yes
comp.pt,LEONTODON TARAXACOIDES,HYPOCHAERIS GLABRA,,Inconsistent identification across years,,No,Yes
comp.pt,UNKNOWN ASTERACEAE SP.,TOLPIS BARBATA,,assign to dominant taxon in Family,,No,Yes
comp.pt,UNKNOWN ASTERACEAE,TOLPIS BARBATA,,assign to dominant taxon in Family,,No,Yes
comp.pt,TRIFOLIUM GEMELLUM,TRIFOLIUM GLOMERATUM,,Inconsistent identification across years,,No,Yes
comp.pt,TRIFOLIUM SP.,TRIFOLIUM GLOMERATUM,,Inconsistent identification across years,,No,Yes
comp.pt,ERODIUM AETHIOPICUM,ERODIUM SP.,species not distinguished in 2013-2017,Aggregate at genus level,,No,Yes
comp.pt,ERODIUM BOTRYS,ERODIUM SP.,species not distinguished in 2013-2017,Aggregate at genus level,,No,Yes
comp.pt,ERODIUM CICUTARIUM,ERODIUM SP.,species not distinguished in 2013-2017,Aggregate at genus level,,No,Yes
comp.pt,ERODIUM MALACOIDES,ERODIUM SP.,species not distinguished in 2013-2017,Aggregate at genus level,,No,Yes
comp.pt,ERODIUM MOSCHATUM,ERODIUM SP.,species not distinguished in 2013-2017,Aggregate at genus level,,No,Yes
comp.pt,OROBANCHE SP.,OROBANCHE MINOR,never co-occur in same plot-year,No congeners recorded,,No,Yes
comp.pt,PLANTAGO BELLARDI,PLANTAGO BELLARDII,,Spelling,,No,Yes
comp.pt,UNKNOWN GRASS,AGROSTIS POURRETII,Unknown mostly in 2017; no Agrostis pourretii that year,Inconsistent identification across years,,No,Yes
comp.pt,VULPIA,VULPIA BROMOIDES,,assign to dominant taxon in genus,,No,Yes
cowi.ca,CRATAEGUS SP.,CRATAEGUS MONOGYNA,,No congeners recorded,,No,Yes
cowi.ca,,,Bellis perennis == Leucanthemum vulgare?,no changes,,Yes,No
doane.us,SOLIDAGO SP.,SOLIDAGO CANADENSIS,,No congeners recorded,,No,Yes
doane.us,PHYSALIS VIRGINIANA,PHYSALIS LONGIFOLIA,,Inconsistent identification across years,,No,Yes
doane.us,UNKNOWN GRASS,ANDROPOGON GERARDII,,assign to dominant taxon in Family,,No,Yes
elliot.us,CROTON SETIGER,CROTON SETIGERUS,,Spelling,,No,Yes
elliot.us,JUNCUS SP.,JUNCUS DUBIUS,,No congeners recorded,,No,Yes
elliot.us,LYSIMACHIA ARVENSIS,ANAGALLIS ARVENSIS,,Synonyms,,No,Yes
ethamc.au,,,no changes,no changes,,Yes,No
ethass.au,,,no changes,no changes,,Yes,No
frue.ch,,,no changes,no changes,,Yes,No
gilb.za,UNKNOWN CYPERACEAE,CYPERUS SP.,co-occur in same plot-year multiple times,no changes,,Yes,No
gilb.za,PEARSONIA SP.,PEARSONIA GRANDIFOLIA,"plot 29; same plot, same year",no changes,,Yes,No
gilb.za,TEPHROSIA SP. (gilb.za),TEPHROSIA SP.,,global taxon name,,No,Yes
gilb.za,SEBAEA FILIFORMIS,SEBAEA SEDOIDES var. SCHOENLANDII,very different plots in different years,no changes,,Yes,No
gilb.za,HYPOXIS SP.,HYPOXIS GERRARDII,co-occur in same plot-year multiple times,no changes,,Yes,No
gilb.za,DIERAMA SP.,DIERAMA INSIGNE,co-occur (plot 22 only),no changes,,Yes,No
hall.us,RUBUS SP.,RUBUS ALLEGHENIENSIS,,No congeners recorded,,No,Yes
hart.us,ALLIUM SP.,ALLIUM ACUMINATUM,,Inconsistent identification across years,,No,Yes
hart.us,AGOSERIS SP.,AGOSERIS GLAUCA,,No congeners recorded,,No,Yes
hart.us,CREPIS SP.,CREPIS OCCIDENTALIS,,No congeners recorded,,No,Yes
hart.us,ASTRAGALUS SP.,ASTRAGALUS FILIPES,,Inconsistent identification across years,,No,Yes
hart.us,LUPINUS BREVICAULIS,LUPINUS SP.,,Inconsistent identification across years,,No,Yes
hart.us,LUPINUS UNCIALIS,LUPINUS SP.,,Inconsistent identification across years,,No,Yes
hero.uk,SENECIO JACOBAEA,JACOBAEA VULGARIS,,Synonyms,,No,Yes
hero.uk,LOLIUM SP. (hero.uk),LOLIUM SP.,,global taxon name,,No,Yes
hero.uk,PRUNUS SP. (hero.uk),PRUNUS SPINOSA,different plots,No congeners recorded,,No,Yes
hnvr.us,IPOMOEA SP.,CALYSTEGIA SEPIUM,,Inconsistent identification across years,,No,Yes
hnvr.us,CAREX SP.,CAREX GRACILLIMA,,Inconsistent identification across years,,No,Yes
hopl.us,UNKNOWN APIACEAE SP.,DAUCUS PUSILLUS,,assign to dominant taxon in Family,,No,Yes
hopl.us,DAUCUS SP.,DAUCUS PUSILLUS,,No congeners recorded,,No,Yes
hopl.us,SANICULA SP.,SANICULA BIPINNATA,,No congeners recorded,,No,Yes
hopl.us,TORILIS ARVENSIS,TORILIS SP.,,Aggregate at genus level,,No,Yes
hopl.us,TORILIS NODOSA,TORILIS SP.,,Aggregate at genus level,,No,Yes
hopl.us,BRODIAEA CORONARIA,TRITELEIA SP.,,Inconsistent identification across years,,No,Yes
hopl.us,BRODIAEA SP.,TRITELEIA SP.,,Inconsistent identification across years,,No,Yes
hopl.us,PLAGIOBOTHRYS SP.,PLAGIOBOTHRYS NOTHOFULVUS,,No congeners recorded,,No,Yes
hopl.us,CENTAUREA SP.,CENTAUREA MELITENSIS,,Inconsistent identification across years,,No,Yes
hopl.us,CIRSIUM VULGARE,CARDUUS PYCNOCEPHALUS,,Inconsistent identification across years,,No,Yes
hopl.us,MADIA GRACILIS,MADIA SP.,,Aggregate at genus level,,No,Yes
hopl.us,MADIA SATIVA,MADIA SP.,,Aggregate at genus level,,No,Yes
hopl.us,UNKNOWN ASTERACEAE SP.,CARDUUS PYCNOCEPHALUS,,assign to dominant taxon in Family,,No,Yes
hopl.us,EUPHORBIA SP.,EUPHORBIA PEPLUS,,Inconsistent identification across years,,No,Yes
hopl.us,UNKNOWN EUPHORBIACEAE,EUPHORBIA SPATHULATA,,assign to dominant taxon in Family,,No,Yes
hopl.us,LATHYRUS SP.,LATHYRUS SPHAERICUS,,assign to dominant taxon in genus,,No,Yes
hopl.us,ACMISPON WRANGELIANUS,ACMISPON PARVIFLORUS,,Inconsistent identification across years,,No,Yes
hopl.us,LOTUS SP.,ACMISPON PARVIFLORUS,,Inconsistent identification across years,,No,Yes
hopl.us,LOTUS PURSHIANUS,ACMISPON PARVIFLORUS,,Inconsistent identification across years,,No,Yes
hopl.us,LUPINUS BICOLOR,LUPINUS SP.,,Aggregate at genus level,,No,Yes
hopl.us,LUPINUS NANUS,LUPINUS SP.,,Aggregate at genus level,,No,Yes
hopl.us,TRIFOLIUM SP.,TRIFOLIUM MICRODON,,assign to dominant taxon in genus,,No,Yes
hopl.us,VICIA AMERICANA,VICIA SATIVA,,assign to dominant taxon in genus,,No,Yes
hopl.us,VICIA SP.,VICIA SATIVA,,assign to dominant taxon in genus,,No,Yes
hopl.us,CLARKIA SP.,CLARKIA PURPUREA,,No congeners recorded,,No,Yes
hopl.us,AEGILOPS SP.,AEGILOPS TRIUNCIALIS,,No congeners recorded,,No,Yes
hopl.us,AVENA FATUA,AVENA BARBATA,,Inconsistent identification across years,,No,Yes
hopl.us,CRATAEGUS SP.,CRATAEGUS DOUGLASII,,No congeners recorded,,No,Yes
hopl.us,GALIUM APARINE,GALIUM SP.,,Aggregate at genus level,,No,Yes
hopl.us,GALIUM PARISIENSE,GALIUM SP.,,Aggregate at genus level,,No,Yes
hopl.us,UNKNOWN LILIACEAE,CALOCHORTUS VENUSTUS,,assign to dominant taxon in Family,,No,Yes
jena.de,,,no changes,no changes,,Yes,No
kbs.us,UNKNOWN ASTERACEAE,SOLIDAGO CANADENSIS,,assign to dominant taxon in Family,,No,Yes
kbs.us,UNKNOWN BRASSICACEAE,BARBAREA VULGARIS,,assign to dominant taxon in Family,,No,Yes
kbs.us,MELILOTUS OFFICINALIS SSP. ALBA,MELILOTUS OFFICINALIS,,Aggregate at species level,,No,Yes
kbs.us,MELILOTUS SP.,MELILOTUS OFFICINALIS,,No congeners recorded,,No,Yes
kbs.us,TRIFOLIUM,TRIFOLIUM REPENS,,assign to dominant taxon in genus,,No,Yes
kbs.us,UNKNOWN PTERIDOPHYTA,ASPLENIUM PLATYNEURON,"plots 4, 20",assign to dominant taxon in Family,Aspleniaceae,No,Yes
kbs.us,SETARIA SP.,SETARIA PUMILA,plot 37,No congeners recorded,,No,Yes
kbs.us,UNKNOWN GRASS,ARRHENATHERUM ELATIUS,plot 21,Inconsistent identification across years,,No,Yes
kbs.us,ACER SP.,ACER NEGUNDO,,No congeners recorded,,No,Yes
kbs.us,VITIS SP. (kbs.us),VITIS SP.,,global taxon name,,No,Yes
kibber.in,SILENE SP.,SILENE GRAMINIFOLIA,"same plot, same year",no changes,,Yes,No
kibber.in,UNKNOWN GRASS SP.,ELYMUS LONGIARISTATUS,plots 11-14,Inconsistent identification across years,,No,Yes
kibber.in,POLYGONUM AVICULARE,POLYGONUM SP.,,Inconsistent identification across years,,No,Yes
kilp.fi,LEONTODON AUTUMNALIS var. TARAXACI,SCORZONEROIDES AUTUMNALIS,,Synonyms,,No,Yes
kilp.fi,EMPETRUM NIGRUM SSP. HERMAPHRODITUM,EMPETRUM NIGRUM,,Aggregate at species level,,No,Yes
kilp.fi,RANUNCULUS ACRIS SSP. PUMILUS,RANUNCULUS ACRIS,,Aggregate at species level,,No,Yes
kiny.au,ARTHROPODIUM SP.,ARTHROPODIUM MINUS,,Inconsistent identification across years,,No,Yes
kiny.au,ATRIPLEX SP.,ATRIPLEX SEMIBACCATA,,Inconsistent identification across years,,No,Yes
kiny.au,MAIREANA SP.,MAIREANA ENCHYLAENOIDES,plot 13,Inconsistent identification across years,,No,Yes
kiny.au,RHODANTHE SP.,RHODANTHE CORYMBIFLORA,plot 6,Inconsistent identification across years,,No,Yes
kiny.au,SONCHUS SP.,SONCHUS OLERACEUS,,Inconsistent identification across years,,No,Yes
kiny.au,SONCHUS ASPER,SONCHUS OLERACEUS,,Inconsistent identification across years,,No,Yes
kiny.au,CRASSULA SP.,CRASSULA SIEBERIANA,,No congeners recorded,,No,Yes
kiny.au,TRIFOLIUM ,TRIFOLIUM SP.,,Inconsistent identification across years,,No,Yes
kiny.au,TRIFOLIUM ARVENSE,TRIFOLIUM SP.,,Inconsistent identification across years,,No,Yes
kiny.au,TRIFOLIUM DUBIUM,TRIFOLIUM SP.,,Inconsistent identification across years,,No,Yes
kiny.au,TRIFOLIUM GLOMERATUM,TRIFOLIUM SP.,,Inconsistent identification across years,,No,Yes
kiny.au,TRIFOLIUM SUBTERRANEUM,TRIFOLIUM SP.,"same plot, same year",no changes,,Yes,No
kiny.au,AVENA SP.,AVENA BARBATA,,Inconsistent identification across years,,No,Yes
kiny.au,AVENA FATUA,AVENA BARBATA,,Inconsistent identification across years,,No,Yes
kiny.au,BROMUS SP.,BROMUS RUBENS,,No congeners recorded,,No,Yes
kiny.au,LOLIUM PERENNE,LOLIUM SP.,,Aggregate at genus level,,No,Yes
kiny.au,LOLIUM RIGIDUM,LOLIUM SP.,,Aggregate at genus level,,No,Yes
kiny.au,RYTIDOSPERMA ,RYTIDOSPERMA SP.,,Spelling,,No,Yes
kiny.au,VULPIA SP.,VULPIA BROMOIDES,,Inconsistent identification across years,,No,Yes
kiny.au,UNKNOWN ASTERACEAE ,SONCHUS OLERACEUS,,assign to dominant taxon in Family,,No,Yes
kiny.au,UNKNOWN GRASS,RYTIDOSPERMA SP.,,assign to dominant taxon in Family,,No,Yes
koffler.ca,UNKNOWN ASTERACEAE ,SOLIDAGO ALTISSIMA,,assign to dominant taxon in Family,,No,Yes
koffler.ca,CAREX SP.,CAREX PLANTAGINEA,,Inconsistent identification across years,,No,Yes
koffler.ca,UNKNOWN CYPERACEAE SP.,CAREX PLANTAGINEA,,Inconsistent identification across years,,No,Yes
koffler.ca,UNKNOWN ROSACEAE ,PRUNUS SP.,,assign to dominant taxon in Family,,No,Yes
koffler.ca,GALIUM SP. (koffler.ca),GALIUM SP.,,global taxon name,,No,Yes
konz.us,EUPHORBIA SERPENS,EUPHORBIA NUTANS,confirmed with Kim Komatsu in 2019,Inconsistent identification across years,,No,Yes
konz.us,MUHLENBERGIA CUSPIDATA,MUHLENBERGIA RACEMOSA,confirmed with Kim Komatsu in 2019,Inconsistent identification across years,,No,Yes
lagoas.br,POLICARPAEA CORYMBOSA,POLYCARPAEA CORYMBOSA,,Spelling,,No,Yes
lake.us,DALEA SP.,DALEA CANDIDA,,No congeners recorded,,No,Yes
lake.us,MELILOTUS ALBUS,MELILOTUS SP.,,Aggregate at genus level,,No,Yes
lake.us,MELILOTUS OFFICINALIS,MELILOTUS SP.,,Aggregate at genus level,,No,Yes
lake.us,SOLANUM SP.,SOLANUM AMERICANUM,,No congeners recorded,,No,Yes
lancaster.uk,,,no changes,no changes,,Yes,No
look.us,UNKNOWN APIACEAE SP.,LIGUSTICUM APIIFOLIUM,"plot 27; same plot, same year",no changes,,Yes,No
look.us,UNKNOWN BRASSICACEAE SP.,ERYSIMUM CAPITATUM,"same plot, different years",Inconsistent identification across years,,No,Yes
look.us,UNKNOWN CARYOPHYLLACEAE SP.,MOEHRINGIA LATERIFLORA,never co-occur in same plot-year,assign to dominant taxon in Family,,No,Yes
look.us,UNKNOWN ASTERACEAE SP.,AGOSERIS AURANTIACA,plot 6; only other species present from family is Erigeron aliceae,Inconsistent identification across years,,No,Yes
look.us,CAREX HOODII,CAREX PENSYLVANICA,name switches from 2015 to 2016,Inconsistent identification across years,,No,Yes
look.us,ABIES SP. (look.us),ABIES SP.,,global taxon name,,No,Yes
look.us,GALIUM SP.,GALIUM OREGANUM,,No congeners recorded,,No,Yes
lubb.us,CHONDROSUM GRACILE,,striking absence in 2020,no changes,,Yes,No
marc.ar,,,striking absence of all Cyperaceae in pretreatment,no changes,,Yes,No
marc.ar,,,striking absence of all Juncaceae in pretreatment,no changes,,Yes,No
marc.ar,UNKNOWN GRASS ,BROMUS CATHARTICUS,,Spelling; assign to dominant taxon in Family,,No,Yes
marc.ar,UNKNOWN GRASS,BROMUS CATHARTICUS,,assign to dominant taxon in Family,,No,Yes
mcdan.us,UNKNOWN ASTERACEAE SP. (MCDAN.US),SOLIDAGO ALTISSIMA,,assign to dominant taxon in Family,,No,Yes
mcdan.us,LYCOPUS SP. (mcdan.us),LYCOPUS SP.,,global taxon name,,No,Yes
mcdan.us,POPULUS SP. (mcdan.us),POPULUS SP.,,global taxon name,,No,Yes
mcla.us,BRODIAEA SP.,DICHELOSTEMMA CAPITATUM,,Inconsistent identification across years,,No,Yes
mcla.us,TRITELEIA LAXA,TRITELEIA SP.,plot 13; UNKNOWN LILIACEAE also present,no changes,,Yes,No
mcla.us,TRITELEIA SP.,DICHELOSTEMMA CAPITATUM,,Inconsistent identification across years,,No,Yes
mcla.us,UNKNOWN BRASSICACEAE,ATHYSANUS PUSILLUS,,assign to dominant taxon in Family,,No,Yes
mcla.us,CENTAUREA MELITENSIS,CENTAUREA SP.,,Aggregate at genus level,,No,Yes
mcla.us,CENTAUREA SOLSTITIALIS,CENTAUREA SP.,,Aggregate at genus level,,No,Yes
mcla.us,UNKNOWN ASTERACEAE,CENTAUREA SP.,,assign to dominant taxon in Family,,No,Yes
mcla.us,LUPINUS BICOLOR,LUPINUS SP.,,Inconsistent identification across years,,No,Yes
mcla.us,LUPINUS MICROCARPUS,LUPINUS SP.,,Inconsistent identification across years,,No,Yes
mcla.us,LUPINUS NANUS,LUPINUS SP.,,Inconsistent identification across years,,No,Yes
mcla.us,LUPINUS SUCCULENTUS,LUPINUS SP.,,Inconsistent identification across years,,No,Yes
mcla.us,TRIFOLIUM SP.,TRIFOLIUM FUCATUM,,Inconsistent identification across years,,No,Yes
mcla.us,UNKNOWN LILIACEAE,DICHELOSTEMMA CAPITATUM,,Inconsistent identification across years,Asparagaceae,No,Yes
mcla.us,AVENA BARBATA,AVENA FATUA,,Inconsistent identification across years,,No,Yes
mcla.us,CYNOSURUS ECHINATUS,HORDEUM MURINUM,never co-occur in same plot-year but present in same plot in subsequent years,no changes,,Yes,No
mcla.us,MELICA SP.,POA SP.,Melica only in year 0; Poa not recorded in year 0,no changes,,Yes,No
mcla.us,POA SP.,POA SECUNDA,,Inconsistent identification across years,,No,Yes
mcla.us,UNKNOWN GRASS,POA SECUNDA,,Inconsistent identification across years,,No,Yes
mcla.us,DELPHINIUM SP.,DELPHINIUM HESPERIUM,,No congeners recorded,,No,Yes
msla.us,ANTENNARIA SP.,ANTENNARIA MICROPHYLLA,plot 4,Inconsistent identification across years,,No,Yes
msla.us,ANTENNARIA ROSEA,ANTENNARIA MICROPHYLLA,plot 26,Inconsistent identification across years,,No,Yes
msla.us,BOECHERA HOLBOELLII,BOECHERA PENDULOCARPA,Boechera holboellii often present one year before Boechera pendulocarpa on same plot,no changes,,Yes,No
msla_2.us,ANTENNARIA SP.,ANTENNARIA PARVIFOLIA,plot 11; Antennaria dimorpha also present,Inconsistent identification across years,,No,Yes
msla_2.us,ERIGERON SP. (msla.us),ERIGERON DIVERGENS,plot 21,No congeners recorded,,No,Yes
msla_3.us,BOECHERA HOLBOELLII,BOECHERA NUTTALLII,plot 24; Boechera holboellii present one year before Boechera nuttallii,no changes,,Yes,No
msla_3.us,BOECHERA RETROFRACTA,BOECHERA NUTTALLII,plot 50; Boechera retrofracta present one year before Boechera nuttallii,no changes,,Yes,No
msla_3.us,ANTENNARIA SP.,ANTENNARIA MICROPHYLLA,plot 13,Inconsistent identification across years,,No,Yes
msum.us,SALIX SALIX SP. (msum.us),SALIX SP.,,global taxon name,,No,Yes
mtca.au,MESEMBRYANTHEMUM CRYSTALLINUM,MESEMBRYANTHEMUM SP.,2013-2015,Aggregate at genus level,,No,Yes
mtca.au,MESEMBRYANTHEMUM NODIFLORUM,MESEMBRYANTHEMUM SP.,2016-2018,Aggregate at genus level,,No,Yes
mtca.au,PETRORHAGIA SP. (mtca.au),PETRORHAGIA DUBIA,,No congeners recorded,,No,Yes
mtca.au,URSINIA SP. (mtca.au),URSINIA ANTHEMOIDES,,No congeners recorded,,No,Yes
mtca.au,GOODENIA CYCNOPOTAMICA,VELLEIA CYCNOPOTAMICA,"Goodenia in 2021, Velleia in all other years",Synonyms,,No,Yes
mtca.au,HORDEUM MURINUM SSP. LEPORINUM,HORDEUM MURINUM,,Aggregate at species level,,No,Yes
mtca.au,PENTASCHISTIS SP. (mtca.au),PENTASCHISTIS AIROIDES,,No congeners recorded,,No,Yes
mtca.au,STIPA SP.,STIPA NITIDA_TRICHOPHYLLA,,No congeners recorded,,No,Yes
mtca.au,VULPIA SP. (mtca.au),VULPIA MYUROS,,No congeners recorded,,No,Yes
mtca.au,ZALUZIANSKYA SP. (mtca.au),ZALUZIANSKYA DIVARICATA,,No congeners recorded,,No,Yes
neba.jp,CARPINUS SP. (neba.jp),CARPINUS SP.,,global taxon name,,No,Yes
neba.jp,STELLARIA SP. (neba.jp),STELLARIA ULIGINOSA,confirmed with Muu Akasaka,No congeners recorded,,No,Yes
neba.jp,ERIGERON STRIGOSUS,ERIGERON PHILADELPHICUS,confirmed with Muu Akasaka,Inconsistent identification across years,,No,Yes
neba.jp,JUNCUS POLYANTHEMUS,JUNCUS DECIPIENS,Juncus polyanthemus only in 2016; Juncus decipiens in all other years; confirmed with Muu Akasaka,Inconsistent identification across years,,No,Yes
neba.jp,CLINOPODIUM MULTICAULE,CLINOPODIUM MICRANTHUM,confirmed with Muu Akasaka,Inconsistent identification across years,,No,Yes
neba.jp,AGROSTIS CLAVATA,AGROSTIS SP.,"Agrostis sp. Not distinguished in 2016, 2017; confirmed with Muu Akasaka",Inconsistent identification across years,,No,Yes
neba.jp,AGROSTIS GIGANTEA,AGROSTIS SP.,"Agrostis sp. Not distinguished in 2016, 2017; confirmed with Muu Akasaka",Inconsistent identification across years,,No,Yes
neba.jp,AGROSTIS SP. (neba.jp),AGROSTIS SP.,confirmed with Muu Akasaka,global taxon name,,No,Yes
neba.jp,FESTUCA PRATENSIS,FESTUCA RUBRA,confirmed with Muu Akasaka,Inconsistent identification across years,,No,Yes
neba.jp,POA TRIVIALIS,POA PRATENSIS,"Poa trivialis in first three years, then Poa pratensis; confirmed with Muu Akasaka",Inconsistent identification across years,,No,Yes
neba.jp,SACCIOLEPIS SP. (neba.jp),SACCIOLEPIS SP.,,global taxon name,,No,Yes
neba.jp,UNKNOWN POACEAE SP. (NEBA.JP),PENNISETUM ALOPECUROIDES,Unknown Poaceae in 2017; no Pennisetum alopecuroides in that year but present in same plots in later years; confirmed with Muu Akasaka,Inconsistent identification across years,,No,Yes
neba.jp,UNKNOWN POLYGONACEAE SP. (NEBA.JP),UNKNOWN POLYGONACEAE SP.,plot 25 in 2018 and 2019,global taxon name,,No,Yes
neba.jp,CERASUS SP. (neba.jp),CERASUS SP.,,global taxon name,,No,Yes
neba.jp,UNKNOWN ROSACEAE SP. (NEBA.JP),POTENTILLA HEBIICHIGO,plot 28 in 2016,assign to dominant taxon in Family,,No,Yes
neba.jp,UNKNOWN RUBIACEAE SP. (NEBA.JP),UNKNOWN RUBIACEAE SP.,plot 32 in 2018; other taxon in Family also recorded in that plot-year,global taxon name,,No,Yes
neba.jp,UNKNOWN SCROPHULARIACEAE SP. (NEBA.JP),UNKNOWN SCROPHULARIACEAE SP.,one record in 2018; other taxon in Family also recorded that year,global taxon name,,No,Yes
nilla.au,EUCHITON SP. (nilla.au),EUCHITON SP.,,global taxon name,,No,Yes
pape.de,,,no changes,no changes,,Yes,No
ping.au,UNKNOWN GRASS SP.,AVENA BARBATA,,assign to dominant taxon in Family,,No,Yes
pinj.au,MEDICAGO POLYMORPHA,MEDICAGO SP.,,No congeners recorded,,No,Yes
pinj.au,UNKNOWN FABACEAE,INDIGOFERA HIRSUTA,,assign to dominant taxon in Family,,No,Yes
potrok.ar,,,no changes,no changes,,Yes,No
potrok.ar,,,data unusually consistent over time,no changes,,Yes,No
rook.uk,,,no changes,no changes,,Yes,No
saana.fi,,,no changes,no changes,,Yes,No
sage.us,CAREX SP.,CAREX NEBRASCENSIS,co-occur in same plot-year,no changes,,Yes,No
saline.us,,,Asclepias syriaca == Apocynum cannabinum?,no changes,,Yes,No
saline.us,LIATRIS PUNCTATA,LIATRIS MUCRONATA,,Inconsistent identification across years,,No,Yes
saline.us,SOLIDAGO RIGIDA,SOLIDAGO CANADENSIS,,Inconsistent identification across years,,No,Yes
saline.us,UNKNOWN ASTERACEAE,AMBROSIA PSILOSTACHYA,,assign to dominant taxon in Family,,No,Yes
saline.us,EUPHORBIA SP.,EUPHORBIA MARGINATA,,assign to dominant taxon in genus,,No,Yes
saline.us,UNKNOWN LAMIACEAE,SALVIA AZUREA,"plot 3, 2016",assign to dominant taxon in Family,,No,Yes
saline.us,SPOROBOLUS HETEROLEPIS,SPOROBOLUS COMPOSITUS,"reversed in 2009, 2010",Inconsistent identification across years,,No,Yes
saline.us,SOLANUM PTYCHANTHUM,SOLANUM SP.,,Aggregate at genus level,,No,Yes
saline.us,SOLANUM ROSTRATUM,SOLANUM SP.,,Aggregate at genus level,,No,Yes
sava.us,VACCINIUM VIRGATUM,VACCINIUM STAMINEUM,,Inconsistent identification across years,,No,Yes
sava.us,QUERCUS FALCATA,QUERCUS MARGARETTIAE,,Inconsistent identification across years,,No,Yes
sava.us,HYPERICUM HYPERICOIDES,HYPERICUM GENTIANOIDES,different plots,no changes,,Yes,No
sava.us,DANTHONIA SERICEA,ERAGROSTIS SPECTABILIS,plot 5,Inconsistent identification across years,,No,Yes
sava.us,MUHLENBERGIA CAPILLARIS,ERAGROSTIS SPECTABILIS,plot 5,Inconsistent identification across years,,No,Yes
sava.us,RUBUS CUNEIFOLIUS,RUBUS FLAGELLARIS,"plots 8, 11",Inconsistent identification across years,,No,Yes
sava.us,SMILAX BONA-NOX,SMILAX MARITIMA,plot 17,Inconsistent identification across years,,No,Yes
sedg.us,ASTER SP.,CORETHROGYNE FILAGINIFOLIA,Aster genus not in New World flora,Synonyms,,No,Yes
sedg.us,CIRSIUM SP.,CARDUUS PYCNOCEPHALUS,5 records in pretreatment; Carduus in subsequent years,Common misidentification,,No,Yes
sedg.us,TRIFOLIUM SP.,TRIFOLIUM MICROCEPHALUM,,No congeners recorded,,No,Yes
sereng.tz,JUSTICIA SP.,JUSTICIA ANSELLIANA,co-occur in same plot-year,no changes,,Yes,No
sereng.tz,UNKNOWN ACANTHACEAE,JUSTICIA ANSELLIANA,,assign to dominant taxon in Family,,No,Yes
sereng.tz,MARISCUS SP.,CYPERUS NIVEUS var. LEUCOCEPHALUS,,Inconsistent identification across years,,No,Yes
sereng.tz,CYPERUS REMOTUS,CYPERUS SQUARROSUS,plot 24,Inconsistent identification across years,,No,Yes
sereng.tz,KYLLINGA NERVOSA,KYLLINGA SP.,,Aggregate at genus level,,No,Yes
sereng.tz,KYLLINGA ALBA,KYLLINGA SP.,,Aggregate at genus level,,No,Yes
sereng.tz,UNKNOWN CYPERACEAE,CYPERUS MOLLIPES,Cyperus mollipes often occurs in same plot year after Unknown Cyperaceae,Inconsistent identification across years,,No,Yes
sereng.tz,DACTYLOCTENIUM SP.,DACTYLOCTENIUM AEGYPTIUM,,No congeners recorded,,No,Yes
sereng.tz,CYCNIUM SP.,CYCNIUM TUBULOSUM,co-occur in same plot-year,no changes,,Yes,No
sevi.us,SALSOLA KALI SSP. TRAGUS,SALSOLA KALI,,Aggregate at species level,,No,Yes
sevi.us,EUPHORBIA SP.,EUPHORBIA ALBOMARGINATA,,assign to dominant taxon in genus,,No,Yes
sevi.us,HOFFMANNSEGGIA GLAUCA,POMARIA JAMESII,Hoffmannseggia glauca only in first 2 years,Inconsistent identification across years,,No,Yes
sevi.us,SPHAERALCEA SP.,SPHAERALCEA POLYCHROMA,,assign to dominant taxon in genus,,No,Yes
sevi.us,SPOROBOLUS CONTRACTUS,SPOROBOLUS SP.,species not distinguished in most years,Aggregate at genus level,,No,Yes
sevi.us,SPOROBOLUS CRYPTANDRUS,SPOROBOLUS SP.,species not distinguished in most years,Aggregate at genus level,,No,Yes
sevi.us,SPOROBOLUS FLEXUOSUS,SPOROBOLUS SP.,species not distinguished in most years,Aggregate at genus level,,No,Yes
sgs.us,,,Oxytropis widespread but only in year 2??,no changes,,Yes,No
sgs.us,AMARANTHUS SP.,AMARANTHUS GRAECIZANS,,No congeners recorded,,No,Yes
sgs.us,EUPHORBIA BRACHYCERA,EUPHORBIA GLYPTOSPERMA,only in Year 0 but no Euphorbias in Year 1,no changes,,Yes,No
sgs.us,EUPHORBIA SP.,EUPHORBIA GLYPTOSPERMA,only in Year 5,assign to dominant taxon in genus,,No,Yes
sgs.us,ASTRAGALUS SP.,ASTRAGALUS BISULCATUS,plot 8,No congeners recorded,,No,Yes
sgs.us,ARISTIDA LONGISETA,ARISTIDA PURPUREA,"plot 35, 2020; plot has Aristida purpurea in other years",Inconsistent identification across years,,No,Yes
sgs.us,ELYMUS CANADENSIS,ELYMUS ELYMOIDES,only in Year 5,Inconsistent identification across years,,No,Yes
sgs.us,SCHEDONNARDUS PANICULATUS,ELYMUS ELYMOIDES,only in Year 0,Inconsistent identification across years,,No,Yes
sgs.us,SOLANUM SP.,SOLANUM ROSTRATUM,plot 23,No congeners recorded,,No,Yes
shps.us,UNKNOWN AMARANTHACEAE SP.,CHENOPODIUM LEPTOPHYLLUM,,assign to dominant taxon in Family,,No,Yes
shps.us,BRODIAEA SP. (shps.us),BRODIAEA SP.,,global taxon name,,No,Yes
shps.us,LAPPULA REDOWSKII,LAPPULA OCCIDENTALIS var. OCCIDENTALIS,,Inconsistent identification across years,,No,Yes
shps.us,UNKNOWN BRASSICACEAE (shps.us),ALYSSUM DESERTORUM,widespread; surprising that it's unknown,assign to dominant taxon in Family,,No,Yes
shps.us,UNKNOWN BRASSICACEAE SP.,ALYSSUM DESERTORUM,widespread; surprising that it's unknown,assign to dominant taxon in Family,,No,Yes
shps.us,ANTENNARIA SP.,ANTENNARIA ROSEA,,Inconsistent identification across years,,No,Yes
shps.us,ANTENNARIA DIMORPHA,ANTENNARIA ROSEA,,Inconsistent identification across years,,No,Yes
shps.us,MALVA NEGLECTA,SPHAERALCEA SP.,"Malva in 2007-2013, Sphaeralcea in 2015-2018",Inconsistent identification across years,,No,Yes
shps.us,BROMUS SP.,BROMUS TECTORUM,,Inconsistent identification across years,,No,Yes
shps.us,PSEUDOSCLEROCHLOA RUPESTRIS,POA SECUNDA,,Inconsistent identification across years,,No,Yes
shps.us,CASTILLEJA SP. (shps.us),CASTILLEJA ANGUSTIFOLIA,,Inconsistent identification across years,,No,Yes
sier.us,TORILIS ARVENSIS,TORILIS SP.,,Inconsistent identification across years,,No,Yes
sier.us,TORILIS NODOSA,TORILIS SP.,,Inconsistent identification across years,,No,Yes
sier.us,TORILIS,TORILIS SP.,,Inconsistent identification across years,,No,Yes
sier.us,UNKNOWN APIACEAE,DAUCUS PUSILLUS,Daucus not recorded in Year 0,Inconsistent identification across years,,No,Yes
sier.us,BRODIAEA SP.,TRITELEIA HYACINTHINA,,Inconsistent identification across years,,No,Yes
sier.us,TRITELEIA LAXA,TRITELEIA HYACINTHINA,,Inconsistent identification across years,,No,Yes
sier.us,TRITELEIA SP.,TRITELEIA HYACINTHINA,,Inconsistent identification across years,,No,Yes
sier.us,DICHELOSTEMMA MULTIFLORUM,DICHELOSTEMMA CAPITATUM,,Inconsistent identification across years,,No,Yes
sier.us,DICHELOSTEMMA VOLUBILE,DICHELOSTEMMA CAPITATUM,,Inconsistent identification across years,,No,Yes
sier.us,PLAGIOBOTHRYS SP.,PLAGIOBOTHRYS NOTHOFULVUS,,No congeners recorded,,No,Yes
sier.us,CARDAMINE SP.,CARDAMINE OLIGOSPERMA,,No congeners recorded,,No,Yes
sier.us,LEPIDIUM SP.,CARDAMINE OLIGOSPERMA,,Inconsistent identification across years,,No,Yes
sier.us,SILENE GALLICA,PETRORHAGIA DUBIA,,Inconsistent identification across years,,No,Yes
sier.us,STELLARIA SP.,STELLARIA MEDIA,,No congeners recorded,,No,Yes
sier.us,UNKNOWN CARYOPHYLLACEAE,CERASTIUM GLOMERATUM,,assign to dominant taxon in Family,,No,Yes
sier.us,ASTER SP.,LAGOPHYLLA MINOR,No Asters in New World; often present in same plot in different years,Inconsistent identification across years,,No,Yes
sier.us,HEMIZONIA,HEMIZONIA CONGESTA,,No congeners recorded,,No,Yes
sier.us,MADIA GRACILIS,MADIA SP.,,Aggregate at genus level,,No,Yes
sier.us,MADIA SATIVA,MADIA SP.,,Aggregate at genus level,,No,Yes
sier.us,UNKNOWN ASTERACEAE,LAGOPHYLLA MINOR,often present in same plot in different years,Inconsistent identification across years,,No,Yes
sier.us,UNKNOWN ASTERACEAE SP.,CARDUUS PYCNOCEPHALUS,,assign to dominant taxon in Family,,No,Yes
sier.us,CONVOLVULUS SP.,CONVOLVULUS ARVENSIS,,No congeners recorded,,No,Yes
sier.us,LUPINUS BICOLOR,LUPINUS SP.,,Aggregate at genus level,,No,Yes
sier.us,LUPINUS NANUS,LUPINUS SP.,,Aggregate at genus level,,No,Yes
sier.us,LUPINUS,LUPINUS SP.,,Aggregate at genus level,,No,Yes
sier.us,TRIFOLIUM SP.,TRIFOLIUM DUBIUM,"plot 14, 2007",Inconsistent identification across years,,No,Yes
sier.us,VICIA SP.,VICIA SATIVA,,assign to dominant taxon in genus,,No,Yes
sier.us,VICIA SP. (sier.us),VICIA SATIVA,,assign to dominant taxon in genus,,No,Yes
sier.us,ERODIUM SP.,ERODIUM BOTRYS,only in 2007,Inconsistent identification across years,,No,Yes
sier.us,UNKNOWN LILIACEAE,TRITELEIA HYACINTHINA,,Inconsistent identification across years,Asparagaceae,No,Yes
sier.us,CLARKIA SP.,CLARKIA PURPUREA,,No congeners recorded,,No,Yes
sier.us,UNKNOWN ONAGRACEAE SP.,EPILOBIUM SP.,,assign to dominant taxon in Family,,No,Yes
sier.us,HORDEUM MARINUM,HORDEUM MURINUM,,Spelling,,No,Yes
sier.us,LINANTHUS SP.,LINANTHUS BICOLOR,"plot 16, 2009",assign to dominant taxon in genus,,No,Yes
sier.us,GALIUM SP.,GALIUM PARISIENSE,"plot 30, 2011",assign to dominant taxon in genus,,No,Yes
smith.us,,,no changes,no changes,,Yes,No
spin.us,LYCHNIS LATIFOLIA SSP. ALBA,SILENE LATIFOLIA,,Synonyms,,No,Yes
spin.us,UNKNOWN ASTERACEAE,ERIGERON ANNUUS,"plot 9, 2008",assign to dominant taxon in Family,,No,Yes
spin.us,UNKNOWN CYPERACEAE,CAREX SP.,"plot 10, 2008",assign to dominant taxon in Family,,No,Yes
spin.us,VIOLA SP.,VIOLA TRICOLOR,co-occur in same plot-year,no changes,,Yes,No
summ.za,SEBAEA SP.,SEBAEA GRANDIS,,No congeners recorded,,No,Yes
summ.za,EULOPHIA SP.,EULOPHIA TENELLA,,No congeners recorded,,No,Yes
sval.no,BRAYA SP. (sval.no),BRAYA SP.,,global taxon name,,No,Yes
sval.no,SILENE SP. (sval.no),SILENE INVOLUCRATA,Silene uralensis present in multiple years at one plot,Inconsistent identification across years,,No,Yes
temple.us,LACTUCA SERIOLA,LACTUCA SERRIOLA,,Spelling,,No,Yes
temple.us,MIMOSA QUADRIVALVIS var. PLATYCARPA,MIMOSA NUTTALLII,,Inconsistent identification across years,,No,Yes
temple.us,VICIA SP.,VICIA VILLOSA,,No congeners recorded,,No,Yes
temple.us,CELTIS SP. (temple.us),CELTIS LAEVIGATA,,No congeners recorded,,No,Yes
thth.is,FESTUCA RICHARDSONII,FESTUCA SP.,,Aggregate at genus level,,No,Yes
thth.is,FESTUCA RUBRA,FESTUCA SP.,,Aggregate at genus level,,No,Yes
thth.is,RUMEX SP.,RUMEX ACETOSA,,No congeners recorded,,No,Yes
thth.is,VIOLA SP.,VIOLA PALUSTRIS,,No congeners recorded,,No,Yes
tmlr.is,AGROSTIS SP.,AGROSTIS STOLONIFERA,,No congeners recorded,,No,Yes
tmlr.is,FESTUCA RICHARDSONII,FESTUCA SP.,,Aggregate at genus level,,No,Yes
tmlr.is,FESTUCA RUBRA,FESTUCA SP.,,Aggregate at genus level,,No,Yes
tmlr.is,RUMEX SP.,RUMEX ACETOSA,,No congeners recorded,,No,Yes
trel.us,,,no Juncus in 2008?,no changes,,Yes,No
trel.us,,,no Carex in 2009 or 2010?,no changes,,Yes,No
trel.us,BROMUS SP.,BROMUS INERMIS,,No congeners recorded,,No,Yes
ukul.za,PACHYCARPUS ASPERIFOLIUS,PACHYCARPUS SCABER,"plot 30, 2018",Inconsistent identification across years,,No,Yes
ukul.za,PACHYCARPUS SP.,PACHYCARPUS SCABER,"plot 30, 2009",Inconsistent identification across years,,No,Yes
ukul.za,CUCUMIS SP.,CUCUMIS ZEYHERI,,No congeners recorded,,No,Yes
ukul.za,CAREX SP. (ukul.za),CAREX SP.,,global taxon name,,No,Yes
ukul.za,UNKNOWN CYPERACEAE SP.,BULBOSTYLIS,,assign to dominant taxon in Family,,No,Yes
ukul.za,ACALYPHA SP. (ukul.za),ACALYPHA ANGUSTATA,,assign to dominant taxon in genus,,No,Yes
ukul.za,ACACIA SP.,ACACIA NILOTICA SSP. KRAUSSIANA,,Inconsistent identification across years,,No,Yes
ukul.za,CHAMAECRISTA COMOSA,CHAMAECRISTA SP.,,Aggregate at genus level,,No,Yes
ukul.za,CHAMAECRISTA PLUMOSA,CHAMAECRISTA SP.,,Aggregate at genus level,,No,Yes
ukul.za,CROTALARIA DURA,CROTALARIA SP.,,Aggregate at genus level,,No,Yes
ukul.za,CROTALARIA GLOBIFERA,CROTALARIA SP.,,Aggregate at genus level,,No,Yes
ukul.za,CROTALARIA MACROCARPA,CROTALARIA SP.,,Aggregate at genus level,,No,Yes
ukul.za,UNKNOWN FABACEAE SP.,ERIOSEMA CORDATUM,,assign to dominant taxon in Family,,No,Yes
ukul.za,VIGNA SP.,VIGNA VEXILLATA,,assign to dominant taxon in genus,,No,Yes
ukul.za,ALBUCA,ALBUCA SETOSA,,No congeners recorded,,No,Yes
ukul.za,LEDEBOURIA SP.,LEDEBOURIA COOPERI,,No congeners recorded,,No,Yes
ukul.za,HYPERICUM SP.,HYPERICUM AETHIOPICUM SSP. SONDERI,"co-occur in same plot-year (plot 1, 2009)",no changes,,Yes,No
ukul.za,LEONOTIS OCYMIFOLIA var. RAINERIANA,LEONOTIS LEONURUS,,Inconsistent identification across years,,No,Yes
ukul.za,SETARIA SPHACELATA,SETARIA NIGRIROSTRIS,usually inconsistently identified over time in same plot but sometimes co-occur,no changes,,Yes,No
ukul.za,UNKNOWN GRASS,SETARIA NIGRIROSTRIS,,assign to dominant taxon in Family,,No,Yes
ukul.za,SOLANUM AMERICANUM,PHYSALIS PERUVIANA,,Inconsistent identification across years,,No,Yes
ukul.za,SOLANUM SP.,PHYSALIS PERUVIANA,,Inconsistent identification across years,,No,Yes
unc.us,ERIGERON SP.,ERIGERON ANNUUS,"plot 14, 2011",assign to dominant taxon in genus,,No,Yes
unc.us,SOLIDAGO SP.,SOLIDAGO PINETORUM,co-occur in same plot-year,no changes,,Yes,No
unc.us,UNKNOWN ASTERACEAE,SOLIDAGO PINETORUM,"plot 8, 2009",assign to dominant taxon in Family,,No,Yes
unc.us,PANICUM DICHOTOMUM,PANICUM SP.,,Aggregate at genus level,,No,Yes
unc.us,PANICUM LINEARIFOLIUM,PANICUM SP.,,Aggregate at genus level,,No,Yes
unc.us,UNKNOWN GRASS,SCHEDONORUS SP.,,assign to dominant taxon in Family,,No,Yes
unc.us,SMILAX BONA-NOX,SMILAX ROTUNDIFOLIA,plot 27,Inconsistent identification across years,,No,Yes
valm.ch,,,no changes,no changes,,Yes,No
vargrass.no,,,limited data: only 6 plots remeasured,no changes,,Yes,No
vargrass.no,STELLARIA SP.,STELLARIA NEMORUM,same plot-year,no changes,,Yes,No
vargrass.no,CAREX SP.,CAREX AQUATILIS,,assign to dominant taxon in Family,,No,Yes
vargrass.no,EQUISETUM SP.,EQUISETUM ARVENSE,,assign to dominant taxon in Family,,No,Yes
vargrass.no,EPILOBIUM ANAGALLIDIFOLIUM,EPILOBIUM SP.,,Aggregate at genus level,,No,Yes
vargrass.no,EPILOBIUM PALUSTRE,EPILOBIUM SP.,,Aggregate at genus level,,No,Yes
vargrass.no,CALAMAGROSTIS SP.,CALAMAGROSTIS PURPUREA,,assign to dominant taxon in genus,,No,Yes
vargrass.no,POA SP.,POA PRATENSIS,,No congeners recorded,,No,Yes
vargrass.no,UNKNOWN GRASS SP.,DESCHAMPSIA FLEXUOSA,,assign to dominant taxon in Family,,No,Yes
vargrass.no,ALCHEMILLA ALPINA,ALCHEMILLA SP.,,Aggregate at genus level,,No,Yes
vargrass.no,SALIX HERBACEA,SALIX SP.,,Aggregate at genus level,,No,Yes
vargrass.no,SALIX PHYLICIFOLIA,SALIX SP.,,Aggregate at genus level,,No,Yes
vargrass.no,VIOLA BIFLORA,VIOLA SP.,,Aggregate at genus level,,No,Yes
varheath.no,,,limited data: only 6 plots remeasured,no changes,,Yes,No
varheath.no,CAREX AQUATILIS,CAREX SP.,"plot 10, 2018",Aggregate at genus level,,No,Yes
varheath.no,CAREX BIGELOWII,CAREX SP.,"plot 15, 2018",Aggregate at genus level,,No,Yes
varheath.no,CAREX BRUNNESCENS,CAREX SP.,"plots 5&9, 2018",Aggregate at genus level,,No,Yes
varheath.no,ALCHEMILLA ALPINA,ALCHEMILLA SP.,,Aggregate at genus level,,No,Yes
veluwe.nl,SENECIO VULGARIS,JACOBAEA VULGARIS,,Synonyms,,No,Yes
veluwe.nl,PRUNUS SPINOSA,PRUNUS PADUS,different plots,no changes,,Yes,No
veluwe.nl,VERONICA SP.,VERONICA OFFICINALIS,"plot 23, 2018",assign to dominant taxon in Family,,No,Yes
yarra.au,WAHLENBERGIA SP. (yarra.au),WAHLENBERGIA GRACILIS,,No congeners recorded,,No,Yes
yarra.au,LEONTODON SP.,LEONTODON HISPIDUS,,No congeners recorded,,No,Yes
yarra.au,VICIA SP.,VICIA SATIVA,,No congeners recorded,,No,Yes
yarra.au,DICHELACHNE SP.,DICHELACHNE SQUAMULOSUM,,No congeners recorded,,No,Yes
yarra.au,PASPALUM DILATATUM,PASPALUM SP.,not distinguished in yrs 0-3,Aggregate at genus level,,No,Yes
yarra.au,PASPALUM NOTATUM,PASPALUM SP.,not distinguished in yrs 0-3,Aggregate at genus level,,No,Yes
yarra.au,SPOROBOLUS SP.,SPOROBOLUS AFRICANUS,,No congeners recorded,,No,Yes
yarra.au,UNKNOWN GRASS ,CYNODON DACTYLON,"plots 16, 17, 39 in 2014",assign to dominant taxon in Family,,No,Yes
yarra.au,RUMEX SP.,RUMEX ACETOSA,,No congeners recorded,,No,Yes
yarra.au,VERBENA SP. (yarra.au),VERBENA SP.,,global taxon name,,No,Yes
